Date,Open.SBI,High.SBI,Low.SBI,Close.SBI,Adj Close.SBI,Volume.SBI,Open.RCOM,High.Rcom,Low.Rcom,Close.Rcom,Adj Close.Rcom,Volume.Rcom,Open.kcp,High.kcp,Low.kcp,Close.kcp,Adj Close.kcp,Volume.kcp,Open.HDFC,High.HDFC,Low.HDFC,Close.HDFC,Adj Close.HDFC,Volume.HDFC,Open.HATH,High.HATH,Low.HATH,Close.HATH,Adj Close.HATH,Volume.HATH
3/27/2017,276,280.799988,275.200012,279.450012,276.945465,15966114,38.400002,38.5,37.400002,38.150002,38.150002,12674446,100.199997,100.25,97.300003,97.699997,95.813896,21630,1424,1424,1404.050049,1409.849976,1400.543701,1466021,38.25,38.299999,37.75,38.049999,38.049999,9875
3/28/2017,280.649994,282.899994,278.5,282.100006,279.571686,18673371,38.099998,38.599998,38,38.400002,38.400002,10813210,99,99,98.199997,98.699997,96.794594,93040,1418.300049,1424.699951,1413.099976,1420.199951,1410.825439,2015350,37.950001,38.349998,37.5,37.650002,37.650002,28584
3/29/2017,283.149994,289.899994,283.149994,288.450012,285.864807,31008407,38.450001,38.799999,37.950001,38.150002,38.150002,16121846,99.050003,103.099998,99.050003,101.199997,99.24633,105501,1420.800049,1434.800049,1420,1428.599976,1419.170044,2143943,37.5,41.349998,37.25,37.799999,37.799999,25805878
3/30/2017,289,293.75,288.850006,291.049988,288.441467,19683170,38.150002,38.5,37.900002,38.25,38.25,12810690,101.849998,103.800003,101.849998,102.349998,100.37413,34781,1428,1479.949951,1425.050049,1466.199951,1456.521729,8580273,38.599998,39.200001,37.700001,37.799999,37.799999,132189
3/31/2017,292,295,288.5,293.399994,290.770416,20185269,38.200001,38.650002,38,38.299999,38.299999,7207068,102.949997,105.300003,102.75,103.900002,101.894211,64024,1453.800049,1454,1436.550049,1442.550049,1433.027954,2412848,37.900002,38.299999,37.700001,37.849998,37.849998,28401
4/3/2017,294.799988,295.700012,292.200012,293.149994,290.522644,10509610,38.299999,39.099998,38.150002,38.950001,38.950001,8319654,105,108.449997,104.699997,107.650002,105.571815,117893,1446,1450.099976,1426,1433.199951,1423.739624,1037263,38.5,38.5,36.299999,36.599998,36.599998,5596828
4/5/2017,293.149994,298.75,289.649994,297.350006,294.685028,21936647,38.950001,41,38.849998,40.799999,40.799999,23998485,107.650002,121.400002,106.5,116.699997,114.447105,396498,1433.199951,1446.5,1427.550049,1432.349976,1422.895264,1436020,36.599998,36.849998,35.400002,36.150002,36.150002,121337
4/6/2017,295.450012,297.549988,291.450012,292.850006,290.225342,18413111,40.700001,40.799999,39.799999,40.150002,40.150002,10459529,120.550003,123.099998,117,118.5,116.212357,146957,1431.5,1443,1425.050049,1438.5,1429.004639,1531104,36,36.099998,35.549999,35.799999,35.799999,60463
4/7/2017,291.700012,294.799988,287.649994,289.450012,286.855835,10765502,40.049999,40.849998,39,39.25,39.25,21151649,116.5,124.900002,115.599998,119.199997,116.898842,213272,1431.050049,1445,1428.599976,1438.849976,1429.352295,1162090,35.900002,36.150002,35.549999,35.650002,35.650002,57099
4/10/2017,289.799988,290.350006,286.549988,289.350006,286.756714,10307875,39.099998,39.25,37.349998,37.5,37.5,16987390,119.199997,122.449997,119.199997,121.349998,119.007339,85317,1443,1443,1432.650024,1434.150024,1424.68335,848469,35.900002,36.049999,35.5,35.650002,35.650002,19412
4/11/2017,289.299988,295.149994,288.799988,294.5,291.860565,11682024,37.5,38.150002,37.299999,37.650002,37.650002,7371708,122.400002,126.800003,120.800003,124.849998,122.439774,196525,1434,1441.199951,1431.5,1439.5,1429.998047,1089065,35.900002,37.349998,35.799999,36.700001,36.700001,68735
4/12/2017,294,295.450012,289.100006,290.149994,287.54953,13251421,38.099998,38.099998,36.349998,36.799999,36.799999,9572138,125,126,118.699997,121.099998,118.762161,118660,1439,1449.949951,1435.5,1443.699951,1434.170288,891273,37.299999,37.950001,36,37.299999,37.299999,98886
4/13/2017,290.25,293.100006,290,291.549988,288.936981,9944020,36.299999,36.799999,35.599998,35.75,35.75,9630503,121.849998,124.699997,119.199997,120.349998,118.026642,42782,1443,1448.900024,1437.050049,1440.300049,1430.792847,1201059,37.400002,38.200001,36.599998,37.599998,37.599998,125677
4/17/2017,291.549988,292.75,288.5,289.899994,287.301788,8146800,35.75,35.950001,34,34.200001,34.200001,15009975,120.349998,123,117.900002,122.199997,119.840927,71275,1440.300049,1443.800049,1428.25,1436.800049,1427.315918,1784264,37.599998,38.049999,37.400002,37.75,37.75,44746
4/18/2017,291.049988,296.899994,288.399994,290.299988,287.698181,13457050,34.400002,35.299999,33.799999,34,34,14046683,122,128.399994,122,123.300003,120.919701,136597,1440,1455,1438,1447.300049,1437.746582,909715,37.75,40,37.049999,37.450001,37.450001,269708
4/19/2017,291.549988,291.75,282.899994,284.049988,281.504211,18149995,34,34.200001,33.450001,33.700001,33.700001,9056303,123.400002,124,121.25,123.300003,120.919701,20323,1447,1456.75,1438,1449,1439.435303,1084536,37.5,44.900002,36.950001,44.900002,44.900002,3464362
4/20/2017,283.899994,286.899994,282.200012,284.799988,282.247467,14514929,33.700001,34.200001,33.5,33.799999,33.799999,6846651,124,127.800003,124,125.449997,123.028183,47146,1453,1466.050049,1452.949951,1462.150024,1452.498535,1445343,46,46.599998,43.25,44.150002,44.150002,483441
4/21/2017,287,287,279.25,282.200012,279.670807,12042308,34.150002,34.450001,33.650002,33.849998,33.849998,10795629,127.25,131.149994,125.25,128.649994,126.166405,82873,1466,1499,1453.300049,1496.599976,1486.721191,4314508,44.900002,45.400002,42.700001,44.049999,44.049999,275610
4/24/2017,283.25,287.850006,280.899994,286.049988,283.486267,10077853,34.150002,34.849998,33.799999,34.400002,34.400002,11349610,131,137.949997,129,133.350006,130.775681,153076,1498.099976,1539,1497,1533.050049,1522.930664,5051738,44.5,49.450001,42.400002,47.099998,47.099998,406307
4/25/2017,287.5,288.799988,285,286.049988,283.486267,11531902,35,35.299999,34.299999,34.450001,34.450001,10753597,134.5,135.899994,126,132.100006,129.54982,98316,1535.050049,1545.5,1529.599976,1537.050049,1526.904175,2264445,47.75,47.75,45.799999,45.900002,45.900002,138229
4/26/2017,287.100006,289.5,283.350006,286.450012,283.882721,13836891,34.700001,34.849998,33.75,34.299999,34.299999,8419974,133,136,125,129.600006,127.098076,100437,1542.949951,1553,1468.449951,1550.650024,1540.414429,1948963,45.200001,46.950001,43.200001,43.950001,43.950001,119922
4/27/2017,286.450012,287.950012,281.049988,282.049988,279.522125,22622372,34.299999,35.200001,33.75,34.799999,34.799999,12291824,130,134.5,128.800003,132.550003,129.991119,28609,1546.099976,1573.949951,1546.099976,1568.599976,1558.24585,4045105,44,45.349998,43.299999,43.650002,43.650002,76682
4/28/2017,283,290.75,282.5,289.75,287.153137,14152004,34.900002,35.25,34.299999,34.400002,34.400002,9742009,132.050003,132.050003,128.5,129.199997,126.705795,26073,1559.900024,1559.900024,1537.099976,1546.5,1536.291748,1359432,43.650002,45,43.599998,43.799999,43.799999,74253
5/2/2017,289.75,292.5,287.100006,288.299988,285.716125,9754789,34.400002,34.799999,33.549999,33.650002,33.650002,10263644,129.199997,133.399994,124.849998,125.400002,122.979156,74946,1546.5,1550.900024,1530.349976,1540.599976,1530.430664,1001760,43.799999,45.150002,43.400002,43.849998,43.849998,1568179
5/3/2017,289.399994,293.200012,285.799988,289.799988,287.202667,13950914,33.799999,34.049999,32.799999,32.900002,32.900002,9744274,123.099998,127.449997,121,122.699997,120.331276,31999,1554.25,1554.25,1539.349976,1544.300049,1534.106323,626991,44.400002,45.25,43.599998,43.900002,43.900002,33618
5/4/2017,294,300,293.100006,299.049988,296.369781,24534923,33.099998,33.25,31.950001,32.049999,32.049999,10529368,123.300003,126.949997,123.199997,124.849998,122.439774,137178,1539.25,1542.900024,1522.599976,1534.800049,1524.669067,1282757,44.099998,44.099998,41.75,42.049999,42.049999,34787
5/5/2017,301,304.899994,292.149994,296,293.347107,34756331,32.25,32.25,30.950001,31.15,31.15,11802648,124.849998,126.5,123,123.349998,120.968727,30810,1542.099976,1542.900024,1526.300049,1532.199951,1522.08606,689474,42.5,42.5,39.400002,39.75,39.75,119404
5/8/2017,296.100006,300.75,293.899994,299.399994,296.716644,11560550,31.200001,33.099998,31.15,32.450001,32.450001,20904421,124,127.550003,122.5,125.349998,122.930115,29158,1538,1540,1528.550049,1534.800049,1524.669067,936813,40.25,41.450001,39.349998,40.549999,40.549999,57062
5/9/2017,300.899994,300.899994,295.25,296.5,293.842621,7843574,32.5,32.700001,31.700001,32.5,32.5,11734717,125.699997,126.199997,123.25,124.050003,121.65522,72341,1534.800049,1545.599976,1532.650024,1535.75,1525.612793,836459,40.5,40.5,38.950001,39.400002,39.400002,57117
5/10/2017,297,298.149994,293,294.450012,291.811005,8699405,32.5,33.849998,32.349998,33.099998,33.099998,22297849,123.699997,129,123.699997,127.849998,125.381859,52361,1540,1555,1537.050049,1551.800049,1541.556885,585561,40,42,39.5,40.75,40.75,117658
5/11/2017,295.899994,299.399994,294.450012,298.100006,295.428314,11934889,33.299999,33.349998,32.700001,32.950001,32.950001,9467867,128,129,124.75,125.5,123.077225,40397,1551,1560,1541,1546.400024,1536.192505,968936,40.849998,41.349998,39.900002,40.049999,40.049999,38636
5/12/2017,300,302.600006,296,297.899994,295.230072,13376269,32.849998,33.200001,32.25,32.450001,32.450001,7899506,125.199997,125.900002,122.699997,123.050003,120.674522,15686,1545.900024,1556.900024,1536.199951,1551.650024,1541.407837,1536901,40.200001,40.900002,39.049999,39.799999,39.799999,61678
5/15/2017,298.399994,302,297.5,301.399994,298.6987,10383539,32.5,32.599998,31.700001,32,32,7126316,123.650002,130,123.599998,126.949997,124.499229,65465,1550,1557.199951,1542.25,1553.400024,1543.14624,701195,39.700001,42.900002,39.150002,42.299999,42.299999,175157
5/16/2017,302,308.399994,299.350006,307.5,304.744049,17533439,32.049999,32.349998,31.85,32.099998,32.099998,7274881,128.199997,131.800003,126.150002,128.75,126.264481,60556,1555,1562,1548.25,1559.650024,1549.35498,897594,42.849998,43.799999,42.049999,42.799999,42.799999,207044
5/17/2017,308,308.799988,305.5,307.649994,304.8927,14120513,32.099998,32.299999,31.700001,31.950001,31.950001,6245114,128.399994,133.5,128,131.850006,129.304642,38937,1558.800049,1565.400024,1551.5,1557.150024,1546.87146,868118,42.75,42.75,41.400002,41.599998,41.599998,34675
5/18/2017,304.850006,307.899994,302,302.950012,300.234833,15471393,31.6,31.9,31,31.049999,31.049999,11189938,129.699997,134.199997,129.5,131.75,129.206573,25488,1549,1561.5,1548.099976,1557.099976,1546.821777,776820,40.849998,42.799999,40.299999,41.349998,41.349998,51544
5/19/2017,304.450012,315.299988,302,308,305.239563,55250969,31.200001,31.450001,30.25,30.549999,30.549999,11898780,133.899994,135,131,132.149994,129.598846,61763,1559.5,1569.900024,1545.25,1561.25,1550.944458,713534,42,42.25,40.200001,40.700001,40.700001,40221
5/22/2017,308.950012,309.399994,293.200012,294.299988,291.662323,35771221,30.75,30.799999,29.700001,29.799999,29.799999,10150535,133.850006,134.5,131.350006,132.25,129.696915,39902,1565.099976,1580,1563.099976,1576,1565.597046,715013,41.5,41.5,39.5,39.650002,39.650002,69610
5/23/2017,295,295.899994,287.25,288.850006,286.2612,19846852,29.700001,29.799999,27.200001,28,28,25930820,110,121.349998,110,111.599998,109.445564,211159,1580,1583.550049,1565,1569.099976,1558.742554,770043,40.25,40.700001,36.799999,40.200001,40.200001,116285
5/24/2017,290.049988,290.450012,281.649994,283.149994,280.612274,16435958,28,28.200001,25.299999,25.9,25.9,46243616,112,113.150002,98.099998,101.349998,99.39344,159987,1569.050049,1575.449951,1562,1566.75,1556.408081,866847,40.5,41,38.900002,39.799999,39.799999,79056
5/25/2017,284.149994,291.350006,283.549988,290.100006,287.5,15018467,25.9,26.549999,25.15,25.950001,25.950001,28257448,101.949997,106,101,104.650002,102.629738,87812,1567.099976,1629.400024,1567.099976,1617.150024,1606.475464,5022701,39.5,41.099998,39,39.849998,39.849998,18911
5/26/2017,290.5,291,285.299988,288.450012,288.450012,12304394,26,26.299999,25.35,25.75,25.75,14024830,105,112.599998,104.199997,112.199997,110.033974,80650,1606.650024,1632,1601.099976,1626,1615.266968,1360789,40.400002,40.950001,40.25,40.799999,40.799999,37185
5/29/2017,288.899994,290.850006,283.299988,284,284,10619968,25,25.299999,19.700001,20.5,20.5,114681061,112.599998,112.599998,106.849998,107.300003,105.228577,50940,1619.800049,1648,1617.650024,1631.900024,1621.128052,1479085,40.25,40.299999,39,39.700001,39.700001,23991
5/30/2017,283.399994,289.75,281.049988,288.850006,288.850006,9643418,20,22.450001,18.950001,20,20,130001062,105.599998,106.900002,104,106.25,104.198845,41715,1630,1633.5,1616.150024,1629.050049,1618.296875,1108546,39.900002,42.299999,39.450001,41.900002,41.900002,51810
5/31/2017,289,291.5,287.200012,288.299988,288.299988,10697171,20,20.700001,18.1,19.9,19.9,231757141,106.949997,110.400002,105.849998,110,107.87645,48755,1625,1643,1623.150024,1636.199951,1625.399658,1329728,43,44.450001,40,40.099998,40.099998,286334
6/1/2017,287.950012,291.399994,284.600006,287.450012,287.450012,12186700,20.5,21.15,19.85,20.75,20.75,119167702,110.900002,110.900002,108.400002,109.099998,106.993828,32412,1639,1639.849976,1620.550049,1628.599976,1617.849854,839885,38.5,41.25,38.5,40.549999,40.549999,29103
6/2/2017,289.899994,290.5,286.350006,287.049988,287.049988,12004368,20.5,21.65,20.049999,20.65,20.65,92064997,109.150002,110,109.150002,109.650002,107.533211,11381,1634,1646.099976,1626.199951,1634.25,1623.462524,803386,40.950001,40.950001,39.299999,40.150002,40.150002,26739
6/5/2017,288.049988,289.75,286.75,287.25,287.25,7917410,21.4,21.6,20.65,20.799999,20.799999,62528686,109.150002,109.25,104.25,105,102.972977,35437,1633.699951,1638.949951,1625,1635.550049,1624.754028,724975,40.5,41.25,39.75,40.450001,40.450001,22117
6/6/2017,292,292.950012,286.600006,287.299988,287.299988,12346121,20.799999,20.85,19.75,20.15,20.15,44525105,109.699997,109.699997,103,104.5,102.482628,31711,1635,1643.800049,1630,1638.949951,1628.13147,1250658,40.5,40.599998,39.599998,40,40,30866
6/7/2017,288.200012,291.5,287.200012,290.549988,290.549988,10864355,19.700001,19.700001,19.15,19.35,19.35,45032892,103.849998,108.5,103.849998,106.699997,104.640152,36337,1640.400024,1644.900024,1630.349976,1640.800049,1629.96936,638569,39.900002,40.299999,39.049999,39.299999,39.299999,25798
6/8/2017,292,292,287.75,288.600006,288.600006,8370299,19.299999,19.4,18.65,18.75,18.75,32893792,107.449997,109.5,106.949997,108.900002,106.797691,16742,1643.900024,1659.400024,1641.650024,1644.75,1633.893188,1062192,39.5,39.75,38.799999,38.900002,38.900002,17783
6/9/2017,288.299988,289.399994,285.799988,288.549988,288.549988,10804887,18.5,18.75,18.15,18.4,18.4,36481400,107.5,108.449997,106,106.650002,104.591125,24295,1640.099976,1670,1640.099976,1666.800049,1655.797729,1326318,39.349998,41.75,39.349998,40.349998,40.349998,86929
6/12/2017,286.75,287,284.299988,284.950012,284.950012,10326846,18.4,19.1,18.1,18.35,18.35,60514009,107.449997,109.5,105.650002,106.75,104.689194,34772,1664,1676,1660,1668.75,1657.734863,992853,40,40.5,39.75,39.950001,39.950001,18434
6/13/2017,285.399994,287,283,283.850006,283.850006,9171049,18.700001,18.9,17.9,18.049999,18.049999,48409495,107.099998,108.650002,105,105.25,103.218147,75981,1661.75,1691.900024,1661,1676.699951,1665.632324,1262905,40.099998,41.450001,39.150002,41.099998,41.099998,64789
6/14/2017,285.899994,286.299988,282.600006,284.200012,284.200012,11566255,18.049999,18.450001,17.799999,18.299999,18.299999,26861764,105.199997,106.900002,104.349998,105.050003,103.022011,11113,1675,1679.949951,1667,1671.199951,1660.168579,964590,40.5,40.799999,40,40.549999,40.549999,37602
6/15/2017,283.850006,285.799988,281.350006,284,284,11925641,18.299999,19.200001,18.1,19.049999,19.049999,46460987,106,106,105,105.150002,103.120079,7456,1668,1675.599976,1653.599976,1664.349976,1653.363892,881673,40.5,41.650002,40.5,41.049999,41.049999,46869
6/16/2017,284.700012,286.649994,283.25,285.950012,285.950012,19246907,19.200001,19.35,18.9,19.049999,19.049999,38367415,105.099998,107.949997,105.099998,106.699997,104.640152,64317,1665,1674.699951,1658.099976,1669.25,1658.231567,938776,41,41,39.799999,40.099998,40.099998,26673
6/19/2017,286.600006,289.850006,285.299988,288.850006,288.850006,14848661,19.15,19.299999,19,19.1,19.1,15347919,114.199997,115.050003,112,113.25,111.063713,131098,1671,1696,1668.400024,1692.900024,1681.725464,956383,42.5,43.5,41.25,42.049999,42.049999,266720
6/20/2017,287.600006,291,285.600006,290.100006,290.100006,14927701,19.049999,19.35,18.950001,19.049999,19.049999,12657900,115,115.5,112.199997,112.900002,110.720467,33369,1690,1694,1679.849976,1686.550049,1675.417358,915066,42.299999,42.299999,40.25,40.549999,40.549999,54344
6/21/2017,288.25,292.450012,288.25,290.899994,290.899994,10537576,19,19.950001,19,19.700001,19.700001,27711196,113.150002,113.699997,109.75,109.900002,107.778381,30519,1682.599976,1701.25,1679.599976,1698.699951,1687.487061,852733,41.450001,41.549999,39.450001,39.700001,39.700001,48996
6/22/2017,291.25,295.899994,291.049988,294.5,294.5,26110402,19.950001,20.950001,19.799999,20.1,20.1,47859858,114.699997,114.699997,109.5,110.099998,107.974518,26732,1694.949951,1716,1691.199951,1698,1686.791748,1668865,39.700001,39.950001,38.599998,38.900002,38.900002,39060
6/23/2017,294.75,295.549988,287.799988,288.950012,288.950012,20648597,20.299999,21.450001,19.9,21.200001,21.200001,66228789,110.099998,111.699997,106.449997,107.550003,105.473755,39109,1702,1702.75,1675.199951,1678.650024,1667.569458,1304367,40.75,40.75,36.5,37.599998,37.599998,59992
6/27/2017,288.950012,289.450012,276.799988,279.649994,279.649994,25523129,21.200001,22.200001,21.200001,21.700001,21.700001,54013086,107.550003,109.400002,99.699997,102.099998,100.12896,173424,1678.650024,1695,1656.25,1667.650024,1656.64209,1500108,37.599998,38.349998,35.900002,36.299999,36.299999,35261
6/28/2017,277.600006,278.450012,273.75,276.399994,276.399994,17241351,22,22,20.700001,20.85,20.85,38623787,101.300003,102.550003,98.849998,99.599998,97.677223,54754,1665,1675,1657.800049,1666.449951,1655.449951,1112259,36,38.299999,35.75,37.200001,37.200001,63891
6/29/2017,277.149994,279.299988,271.649994,272.450012,272.450012,30457363,21,22.299999,20.950001,22,22,51864136,100,103.5,99.849998,102.25,100.276062,28542,1667,1681.900024,1651.099976,1663.050049,1663.050049,2296927,37.599998,37.950001,36.75,36.900002,36.900002,23129
6/30/2017,272,274.75,269.700012,273.649994,273.649994,12235472,22.15,22.200001,21.25,21.5,21.5,25920579,101.400002,104.75,101.400002,104.199997,102.188416,33562,1653.800049,1660,1643,1652.050049,1652.050049,1082608,36.349998,37.200001,36.25,36.450001,36.450001,20742
7/3/2017,274.100006,275.5,272.549988,274.850006,274.850006,8951033,21.6,22.1,21.35,21.85,21.85,23267104,107.949997,108.949997,105.550003,107.300003,105.228577,26690,1652.599976,1667.5,1647.25,1658.599976,1658.599976,876083,36.299999,37.450001,35.049999,36.599998,36.599998,24743
7/4/2017,275,276.450012,272.049988,273,273,7856082,21.950001,21.950001,20.700001,20.950001,20.950001,26674009,107.550003,108.699997,105.300003,105.550003,103.51236,31031,1660.25,1666.699951,1652,1653.349976,1653.349976,941520,37.049999,37.599998,35.900002,36.099998,36.099998,52637
7/5/2017,273.899994,275.600006,272.350006,274.899994,274.899994,10048734,20.75,22.1,20.35,21.799999,21.799999,24868060,106.550003,111.800003,105.099998,109.5,107.386101,48536,1653.099976,1659.5,1645,1648.75,1648.75,1003550,36,36.650002,36,36.5,36.5,16263
7/6/2017,275.049988,282.700012,274.600006,281,281,16115817,21.9,22.9,21.6,22.450001,22.450001,36589307,109.5,113.900002,109.199997,110.25,108.121628,42059,1652.550049,1663,1651.349976,1658.150024,1658.150024,1142919,36.849998,36.849998,36.099998,36.349998,36.349998,15365
7/7/2017,280.600006,282.399994,279.200012,280.100006,280.100006,5914038,22.200001,22.950001,22,22.799999,22.799999,24148778,110,112.800003,109,109.550003,107.435143,27629,1660.849976,1669.599976,1658,1667.199951,1667.199951,1379349,36.099998,36.75,35.799999,36.299999,36.299999,39222
7/10/2017,284.100006,287,283.200012,285.549988,285.549988,2095795,23.799999,24.65,23.799999,24.35,24.35,9892141,109.949997,112.400002,107.300003,108.199997,106.111198,58085,1668,1748,1661.050049,1676.349976,1676.349976,327313,36.700001,37.099998,35.950001,36.200001,36.200001,43541
7/11/2017,287.5,289.700012,283,283.549988,283.549988,12400820,24.35,24.950001,23.75,24.200001,24.200001,38248562,109.699997,112.400002,108.449997,108.699997,106.601547,44792,1677.550049,1690.800049,1667.099976,1680.400024,1680.400024,1102570,36.25,36.400002,35.799999,36.049999,36.049999,13837
7/12/2017,284.700012,288.399994,283.200012,287.649994,287.649994,7524835,24.299999,24.6,24.1,24.299999,24.299999,17496434,109,111.5,108.150002,109.400002,107.288033,14824,1680,1685,1658.550049,1681.25,1681.25,1434723,35.650002,35.900002,35.400002,35.650002,35.650002,14647
7/13/2017,288.899994,290,286.549988,288.75,288.75,8434324,24.299999,24.6,23.65,23.950001,23.950001,18775020,110.5,111.150002,108.75,109.050003,106.944794,25272,1688,1693.300049,1679.650024,1683.550049,1683.550049,1120251,36.349998,36.349998,34.5,34.650002,34.650002,26909
7/14/2017,288.799988,293.600006,287.25,291.600006,291.600006,13750192,23.950001,24.450001,23.700001,24.299999,24.299999,17208260,109.5,109.5,106.300003,107.300003,105.228577,26609,1683.900024,1686.050049,1672,1679.949951,1679.949951,610813,34.700001,34.700001,34.049999,34.299999,34.299999,24956
7/17/2017,292.799988,294.100006,289.649994,293,293,10549310,24.200001,24.75,24.200001,24.35,24.35,8709874,110.800003,110.800003,107.099998,107.650002,105.571815,11683,1682.550049,1687.650024,1677,1682.349976,1682.349976,599835,34.099998,34.599998,33.900002,34,34,12406
7/18/2017,291.850006,296.399994,290,291,291,11913832,24.5,24.700001,23.450001,23.700001,23.700001,18202674,109.900002,109.900002,104.949997,105.550003,103.51236,32521,1679.699951,1687.849976,1677.349976,1683.550049,1683.550049,580547,34,34.200001,33.849998,34,34,10127
7/19/2017,291.5,294,291.399994,293.299988,293.299988,9006728,23.799999,24.9,23.799999,24.75,24.75,28816833,106.699997,108,106,106.849998,104.787262,106772,1685,1696.199951,1681.849976,1692.300049,1692.300049,996811,34.400002,34.400002,33.700001,34.099998,34.099998,13508
7/20/2017,293,294.25,290.049988,290.950012,290.950012,6256500,24.5,24.700001,24.1,24.450001,24.450001,11478546,108,108.449997,105.300003,105.800003,103.757538,26280,1693.900024,1715,1688.150024,1710.900024,1710.900024,924619,34,36.349998,33.599998,34.900002,34.900002,125926
7/21/2017,291.049988,292.200012,288.25,290.649994,290.649994,7266604,24.5,24.75,23.799999,24.25,24.25,20771213,107,107.800003,106,106.449997,104.394981,23124,1714.099976,1715.25,1700,1703.050049,1703.050049,968377,35,35.650002,33.200001,34,34,87128
7/24/2017,290.799988,296.299988,290.700012,294.549988,294.549988,11195781,24.299999,24.950001,24.1,24.75,24.75,19701090,107.449997,107.449997,105,105.400002,103.365257,18159,1710,1740,1695,1735.099976,1735.099976,4919544,34,34.299999,32.700001,33.5,33.5,53064
7/25/2017,296,297.299988,294.649994,296.100006,296.100006,10846999,24.85,25.950001,24.799999,25.549999,25.549999,30939505,105.75,107.5,105,105.599998,103.561394,13958,1759,1759,1733.050049,1739.650024,1739.650024,2790117,33.349998,33.5,32.900002,32.950001,32.950001,34912
7/26/2017,296.25,299.649994,295.25,295.799988,295.799988,12527914,25.75,25.85,25.200001,25.700001,25.700001,15106273,106.699997,107.150002,105,105.449997,103.414284,23481,1742,1755,1732.5,1747.550049,1747.550049,973836,33,35,32.799999,34.349998,34.349998,46461
7/27/2017,297,299.850006,296.200012,298.350006,298.350006,22286060,25.75,25.950001,25.15,25.700001,25.700001,22668898,105.050003,106.5,104.5,104.849998,102.825867,25918,1756,1798.800049,1751.550049,1789.650024,1789.650024,4490428,34.349998,34.349998,33.099998,33.200001,33.200001,46981
7/28/2017,297,300.75,295.600006,299.100006,299.100006,15766196,25.5,26.700001,25.200001,26.450001,26.450001,22469321,105,105.900002,104.150002,104.5,102.482628,9051,1772,1786.5,1761.099976,1778.5,1778.5,2313849,32.799999,33,32.599998,32.75,32.75,10936
7/31/2017,299.399994,313.850006,298,312.5,312.5,41547584,26.200001,26.6,25.65,26.25,26.25,18081784,105.400002,105.400002,103.099998,103.650002,101.64904,17855,1777.550049,1791,1766.550049,1784.400024,1784.400024,1842285,32.200001,33.049999,32,32.349998,32.349998,25568
8/1/2017,314,314.799988,307.950012,309,309,14888804,26.4,26.549999,25.65,25.799999,25.799999,8980784,104.099998,105.300003,102.199997,102.800003,100.815453,26816,1781.849976,1809.150024,1772.199951,1797.199951,1797.199951,2129215,32.549999,33,32.299999,32.549999,32.549999,8842
8/2/2017,310,311.799988,305.299988,307.700012,307.700012,17005571,25.799999,26.049999,24.700001,25,25,13264344,102.949997,104.099998,101.5,102.050003,100.079926,13640,1807,1807,1782.050049,1791.650024,1791.650024,1849479,33,33,32.400002,32.700001,32.700001,9360
8/3/2017,307,307.399994,299.100006,300.549988,300.549988,14459919,24.75,24.75,22.85,23.1,23.1,33210562,100.800003,103.849998,100.800003,102.25,100.276062,14701,1788,1792,1774.400024,1779.949951,1779.949951,1064196,32.400002,33.349998,31.6,32,32,16719
8/4/2017,300.299988,306.299988,297.600006,305.25,305.25,9615344,23.35,23.65,22.1,23.299999,23.299999,20596221,102.25,102.949997,101,101.699997,99.736679,17790,1777,1796.75,1766.150024,1790.25,1790.25,886267,31.6,32.849998,31.6,32.200001,32.200001,14312
8/7/2017,305.799988,311.799988,305.149994,311.200012,311.200012,11420767,23.299999,24.1,23.25,23.9,23.9,10010204,102.800003,104.699997,102.599998,103.099998,101.109657,14128,1786,1796.449951,1785,1788.550049,1788.550049,479665,32.150002,32.700001,32.150002,32.299999,32.299999,18005
8/8/2017,311,311.799988,301.200012,303.649994,303.649994,13578680,24.049999,24.1,22.65,22.9,22.9,13995098,103.5,103.5,101,101.400002,99.442474,23126,1792.099976,1797.25,1766.099976,1777.900024,1777.900024,1008843,32.549999,32.549999,31.35,32.049999,32.049999,6775
8/9/2017,302.75,307.450012,300.100006,302.299988,302.299988,15852734,22.85,23.299999,22,22.200001,22.200001,14895690,101,102,99.349998,100.150002,98.216606,18956,1771,1777.050049,1758.349976,1764.449951,1764.449951,817514,31.299999,31.9,31.299999,31.700001,31.700001,13369
8/10/2017,301.200012,302.399994,292,296.700012,296.700012,14519518,22.4,22.4,20.35,21.200001,21.200001,19092243,98.949997,100.349998,95.099998,96.099998,94.244789,38802,1760,1766,1752.849976,1760.449951,1760.449951,1947111,31.299999,31.299999,30,30.25,30.25,15638
8/11/2017,294.5,303,277.450012,280.149994,280.149994,67652562,20.950001,21.35,19.9,20.75,20.75,17576664,95.050003,97.75,91.800003,97.400002,95.519699,25529,1745,1758,1731.150024,1749.050049,1749.050049,1589959,29.65,36.299999,27.049999,30.299999,30.299999,40036
8/14/2017,281.450012,282.399994,276.5,278.200012,278.200012,23773509,20.700001,24.75,20.049999,24.1,24.1,54805506,99.900002,102,99,101.650002,99.687653,14778,1753,1774.949951,1748,1757.199951,1757.199951,894271,30.35,32.25,29.85,31.9,31.9,13730
8/16/2017,278.200012,283.899994,274.200012,283.100006,283.100006,21074533,24.1,24.1,22.549999,23.35,23.35,24419101,101.650002,103.349998,101.050003,102.300003,100.325104,9891,1757.199951,1789.800049,1748.550049,1781.25,1781.25,1106708,31.9,32.599998,31.5,31.85,31.85,7465
8/17/2017,283.799988,284.700012,280,280.850006,280.850006,12134114,23.35,23.75,22.9,23.200001,23.200001,16257814,103.800003,107.400002,103.800003,105.150002,103.120079,39543,1776.25,1780.949951,1753.75,1765.400024,1765.400024,1363717,32,32.349998,32,32.150002,32.150002,5607
8/18/2017,278,279.649994,276,278.700012,278.700012,12653217,22.9,25.1,22.65,24.15,24.15,39115103,105.150002,105.150002,102.699997,102.900002,100.913521,12725,1760,1761,1743,1752.150024,1752.150024,926866,32,32.25,31.799999,32.150002,32.150002,6622
8/21/2017,279,280.649994,273.350006,274.649994,274.649994,9247153,24.1,24.5,23.25,23.4,23.4,16564924,103.400002,106.349998,102.5,103.099998,101.109657,42852,1754,1759,1738.199951,1743.199951,1743.199951,1002431,32.650002,33.25,32.650002,33.099998,33.099998,10372
8/22/2017,276,277,271.200012,273.899994,273.899994,11814388,23.5,24,22.65,22.9,22.9,20863144,103.599998,106.349998,103,103.599998,101.599998,32060,1751.300049,1754,1736.800049,1747,1747,1652389,34.700001,34.700001,32,32.099998,32.099998,1014838
8/23/2017,274.75,279.700012,274.200012,279,279,11317821,22.9,23.25,22.700001,23.049999,23.049999,13907376,103.599998,103.650002,100.5,102.099998,102.099998,11278,1750,1777.949951,1750,1772.449951,1772.449951,840131,31.950001,32.299999,31.75,31.9,31.9,21660
8/24/2017,279.700012,281.450012,277.5,280.299988,280.299988,14138226,23,23.200001,22.6,22.9,22.9,10465137,103.300003,103.300003,101.5,102.099998,102.099998,95840,1774.900024,1774.949951,1759.150024,1762.5,1762.5,1969569,32.599998,32.599998,32,32.450001,32.450001,10953
8/28/2017,280.299988,282.100006,279,279.350006,279.350006,10505317,22.9,23.5,22.9,23.25,23.25,10510360,102.099998,103.699997,102,102.349998,102.349998,9231,1762.5,1771.150024,1758.349976,1762.25,1762.25,376946,32.450001,33,32,32.849998,32.849998,10188
8/29/2017,278.450012,280.850006,276.049988,277,277,10335964,23.25,23.5,22.4,22.549999,22.549999,19376067,101,105.25,101,103.599998,103.599998,20033,1759,1759,1738,1746.150024,1746.150024,1229649,32.5,33.299999,32.5,32.75,32.75,5161
8/30/2017,278,279.25,276,276.600006,276.600006,7648702,22.700001,23.049999,22.5,22.700001,22.700001,13658571,104,106.5,103.75,105.550003,105.550003,23310,1751.949951,1770,1750.050049,1768.550049,1768.550049,673580,33.099998,33.200001,32.799999,32.900002,32.900002,9614
8/31/2017,276.850006,279.5,274.200012,277.75,277.75,14222467,22.85,23.5,22.65,23.299999,23.299999,15522124,105.5,124.050003,105.5,118.550003,118.550003,182904,1772,1779.849976,1756.400024,1776.449951,1776.449951,1825859,32.950001,32.950001,32.299999,32.450001,32.450001,5597
9/1/2017,277.649994,280.399994,276.600006,277.850006,277.850006,8255209,23.5,23.950001,23.299999,23.450001,23.450001,11887242,121.699997,124.900002,99.099998,117.650002,117.650002,215872,1781,1781.449951,1761.099976,1767.599976,1767.599976,573793,32.349998,33.5,32.200001,32.900002,32.900002,15281
9/4/2017,278.950012,279.600006,276.399994,277.75,277.75,7168751,23.299999,23.35,22.4,22.799999,22.799999,12613803,117,118.650002,113,113.849998,113.849998,61487,1765,1765,1746.099976,1750.900024,1750.900024,910631,33.799999,33.799999,31.65,31.950001,31.950001,12565
9/5/2017,278.100006,279.5,275.950012,276.549988,276.549988,9565430,23.1,23.15,22.25,22.6,22.6,12728914,114,121,113.699997,119.25,119.25,166106,1757,1764.900024,1751,1755.349976,1755.349976,920609,33,35.5,32.400002,32.599998,32.599998,23969
9/6/2017,275.950012,276.649994,273.649994,274.25,274.25,7306781,22.799999,22.9,22.299999,22.549999,22.549999,12845214,118,124.150002,117.150002,120.150002,120.150002,163579,1743.75,1762.800049,1738,1759.900024,1759.900024,1437908,32.650002,33.599998,32.400002,33.049999,33.049999,7947
9/7/2017,275.399994,276.899994,273.100006,274.200012,274.200012,16102724,22.6,22.799999,22.200001,22.35,22.35,13067482,122.25,122.650002,116.550003,119.199997,119.199997,68833,1760.099976,1776.75,1760.099976,1766.550049,1766.550049,1736605,33.5,33.549999,32.349998,32.650002,32.650002,16450
9/8/2017,274.899994,275.399994,271.100006,271.799988,271.799988,7077895,22.35,22.6,22,22.15,22.15,9269310,120.150002,123.050003,118.599998,119.449997,119.449997,37344,1773.400024,1790,1771,1787.650024,1787.650024,2077916,33.25,33.5,31.85,32.299999,32.299999,9229
9/11/2017,272.600006,273.5,269.549988,270.950012,270.950012,14489224,22.299999,22.5,22.049999,22.1,22.1,7675457,120.349998,121.099998,119.25,119.300003,119.300003,27707,1793,1829,1790.199951,1823.349976,1823.349976,2869419,32.5,32.950001,32.049999,32.799999,32.799999,5387
9/12/2017,272,275.649994,270.5,273.450012,273.450012,8375133,22.35,23.35,22,22.65,22.65,15278304,120.150002,127.5,119.25,124.550003,124.550003,198658,1827.699951,1839.900024,1818.300049,1835.199951,1835.199951,1671920,32.200001,32.799999,32.150002,32.349998,32.349998,4929
9/13/2017,274.950012,276.600006,272.5,273.399994,273.399994,10150073,22.700001,23.1,21.200001,21.75,21.75,28608760,125,129.5,123.5,124.650002,124.650002,170312,1835,1849,1824,1841.849976,1841.849976,1248844,32.25,32.599998,31.85,32.150002,32.150002,6977
9/14/2017,273.399994,275.600006,272.299988,274.200012,274.200012,8015217,21.35,21.75,21.1,21.549999,21.549999,20935135,125.150002,126.699997,121,122.150002,122.150002,83941,1840.150024,1852.5,1831.5,1839.400024,1839.400024,2038504,34,34,32,32.099998,32.099998,16500
9/15/2017,270.75,274.5,269.899994,271.5,271.5,18404860,21.549999,21.549999,19.75,20.450001,20.450001,29415254,122,124.050003,118.849998,119.849998,119.849998,53605,1836,1851.800049,1833.449951,1848.949951,1848.949951,941833,31.950001,32.349998,31.65,31.950001,31.950001,10380
9/18/2017,273,274,269.450012,270.399994,270.399994,17538678,20.25,20.549999,19.9,20.200001,20.200001,21450598,121.900002,123.599998,120,120.5,120.5,42094,1853.550049,1864.449951,1852.5,1860.449951,1860.449951,1021232,32.599998,32.599998,31.85,32.049999,32.049999,18206
9/19/2017,270.450012,270.799988,266.450012,267.799988,267.799988,14331316,20.1,20.700001,19.549999,20.1,20.1,22918286,121.050003,124.300003,119,121.5,121.5,74440,1864.900024,1868,1847.550049,1849.699951,1849.699951,1060367,32.099998,32.099998,31,31.5,31.5,5838
9/20/2017,268.149994,272.049988,267.450012,270.049988,270.049988,12355806,19.65,20.1,19.299999,19.75,19.75,22388972,122.550003,124.400002,121.449997,122.650002,122.650002,24101,1848,1861.449951,1845.25,1848.849976,1848.849976,861532,32,32.049999,31.200001,31.4,31.4,22031
9/21/2017,269.75,271.399994,267.350006,268.5,268.5,8509419,19.75,21.5,19.6,20.950001,20.950001,67554145,122.400002,122.800003,119.400002,121.150002,121.150002,39216,1848,1848.5,1830.699951,1839.099976,1839.099976,1928124,31.4,31.549999,31.049999,31.299999,31.299999,4493
9/22/2017,267.25,267.399994,261.100006,261.850006,261.850006,12860892,20.9,21.25,19.65,19.85,19.85,43054253,120.449997,120.449997,116.099998,116.900002,116.900002,38766,1834.800049,1838.949951,1820,1824.099976,1824.099976,2060881,30.700001,30.950001,30.25,30.4,30.4,14032
9/25/2017,261.5,261.799988,254.399994,258.75,258.75,13937050,19.9,20.25,19.200001,19.9,19.9,33945009,117.75,117.75,111,114.099998,114.099998,28993,1822.449951,1822.449951,1792.599976,1799.75,1799.75,2537307,30.5,30.6,29.25,29.5,29.5,77016
9/26/2017,258.5,259.649994,256,258.25,258.25,11728345,19.85,20.1,19.549999,19.75,19.75,17811732,115,116.699997,113.400002,114.300003,114.300003,46766,1789.050049,1796.599976,1785,1792.300049,1792.300049,2859683,29.85,30.200001,29.549999,29.85,29.85,16193
9/27/2017,259.899994,259.899994,249.5,250.399994,250.399994,17080769,19.85,19.950001,18.75,19.049999,19.049999,27139601,115,116,108,108.400002,108.400002,94123,1796,1805.599976,1770,1776.5,1776.5,1834305,31,32.75,30.049999,30.450001,30.450001,71493
9/28/2017,250.25,253.550003,249.5,252.550003,252.550003,17776419,19.15,20.6,18.9,19.9,19.9,29748725,109.900002,112.550003,107.400002,110.150002,110.150002,79153,1774,1799,1763.300049,1795.300049,1795.300049,6911616,30.5,31,29.65,30.25,30.25,5489
9/29/2017,254.699997,255.5,253.050003,253.850006,253.850006,10073641,20.4,20.4,19.049999,19.200001,19.200001,29115900,111.349998,115,111,114.199997,114.199997,21091,1800.099976,1822,1796.25,1805.699951,1805.699951,1553408,30.65,30.950001,30.25,30.549999,30.549999,8601
10/3/2017,253.850006,256.399994,250.600006,251.300003,251.300003,10547836,19.200001,19.200001,16.75,17.1,17.1,84656937,114.199997,116.550003,113,114.400002,114.400002,15072,1805.699951,1821,1797.099976,1808.849976,1808.849976,1098606,30.549999,30.549999,30.15,30.4,30.4,2624
10/4/2017,251.649994,254.649994,251.350006,253.199997,253.199997,14063896,17.1,17.6,16.75,17.200001,17.200001,46100337,114.349998,115.599998,113.25,113.949997,113.949997,23411,1807.900024,1811.900024,1793.349976,1797,1797,1656276,30.15,30.799999,28.5,29.950001,29.950001,3551
10/5/2017,253.699997,254.100006,249.199997,251.600006,251.600006,13476692,17,17.25,16.799999,17.1,17.1,24864059,112.949997,121,112.949997,119.300003,119.300003,39146,1795,1805,1793.099976,1798.599976,1798.599976,834049,30,30.549999,29.5,29.799999,29.799999,3478
10/6/2017,252.149994,257.899994,252.100006,256.75,256.75,11932139,17.049999,17.5,17,17.200001,17.200001,22785563,120,122.400002,119.5,120,120,27986,1798,1804.449951,1794,1800.099976,1800.099976,757665,30.9,31.700001,29.75,30.1,30.1,12738
10/9/2017,256.799988,258.600006,254.25,256.850006,256.850006,8009211,17.1,17.25,16.75,16.85,16.85,22476645,121,123.599998,118.650002,123.050003,123.050003,48336,1798.800049,1803,1790.5,1795.5,1795.5,765623,30.4,30.4,29.6,29.799999,29.799999,2120
10/10/2017,256.850006,258.200012,255.699997,256.950012,256.950012,9742878,16.85,16.9,16.35,16.700001,16.700001,23658121,123.099998,127.25,122.900002,125.5,125.5,38672,1799,1814.949951,1792.650024,1802.699951,1802.699951,949545,29.6,30.6,29.4,30.049999,30.049999,7383
10/11/2017,257.149994,258.450012,250.449997,251.75,251.75,14192548,16.75,16.950001,15.95,16.299999,16.299999,33027854,125.800003,126.949997,122.300003,123.050003,123.050003,29441,1803.25,1815.25,1787.599976,1790.150024,1790.150024,1316860,31.700001,31.700001,29.25,29.9,29.9,30013
10/12/2017,252,252.949997,248.5,251.199997,251.199997,13404759,16.299999,16.35,15.9,16.25,16.25,19313948,124,124.099998,121.449997,121.849998,121.849998,16947,1795.099976,1821.449951,1788,1818.800049,1818.800049,1345390,30.15,30.700001,30,30,30,4133
10/13/2017,251.100006,255.350006,250.199997,252.100006,252.100006,15697555,16.25,17.5,16.25,17.049999,17.049999,35829306,123.099998,123.75,120.699997,121.099998,121.099998,7198,1826.699951,1856.550049,1822,1850.800049,1850.800049,1608366,30.200001,30.35,29.4,29.700001,29.700001,17369
10/16/2017,254.600006,254.699997,250.100006,252.050003,252.050003,12171830,17.200001,17.35,16.75,17.049999,17.049999,25111919,124,124,119.699997,119.800003,119.800003,10081,1860,1873.25,1842,1857.150024,1857.150024,818636,30,30.15,29.450001,29.6,29.6,14043
10/17/2017,252.050003,254.699997,250.649994,251.149994,251.149994,13505216,17.15,17.35,16.700001,17.049999,17.049999,29103796,121.349998,122.349998,120.400002,121.900002,121.900002,10594,1850,1853.699951,1839.099976,1851.25,1851.25,653322,29.1,30.5,29.1,30.200001,30.200001,23657
10/18/2017,246,247.800003,242.550003,243.75,243.75,20677891,16.950001,17,16.65,16.799999,16.799999,17838396,122.199997,123.349998,120.599998,121.150002,121.150002,16431,1841,1875,1839,1868.5,1868.5,981680,30.049999,30.15,29.6,29.950001,29.950001,4846
10/19/2017,243.800003,245.25,241.149994,242.75,242.75,3458869,16.9,17,16.25,16.4,16.4,9049260,123.75,123.75,121.599998,122,122,7309,1861.800049,1865,1840.650024,1848.400024,1848.400024,142502,30.65,30.65,29.5,30.25,30.25,2420
10/23/2017,242.75,247,242.300003,245.949997,245.949997,8901335,16.4,17.950001,16.4,17.700001,17.700001,67983878,122,124.050003,121,121.599998,121.599998,22765,1848.400024,1869.699951,1836.050049,1863.300049,1863.300049,1040723,30.25,30.5,29.700001,30.049999,30.049999,3693
10/24/2017,246,255.300003,245.949997,254.449997,254.449997,17197805,18.1,18.200001,16.799999,16.950001,16.950001,43561847,122.050003,129.300003,121.349998,126,126,50692,1863,1879.599976,1853,1867.099976,1867.099976,2832218,30.5,31,29.75,30.4,30.4,21149
10/25/2017,279.850006,328.049988,279.850006,324.899994,324.899994,262677081,16.950001,17.1,16.1,16.450001,16.450001,38095441,128.850006,128.850006,124.050003,125.300003,125.300003,42616,1860,1863,1785,1795.099976,1795.099976,5341802,30.85,31.5,29.549999,31.25,31.25,12251
10/26/2017,330,351.299988,317.5,320.5,320.5,112804243,16.15,16.299999,15.65,15.8,15.8,39293408,124.849998,125.949997,122.199997,123.300003,123.300003,11220,1768,1810,1757.849976,1795.349976,1795.349976,7142866,30.85,30.9,30.15,30.799999,30.799999,5428
10/27/2017,320.25,323.600006,310.100006,311.049988,311.049988,27580765,15.8,16.25,15.7,15.9,15.9,22339978,123.849998,125,122,122.599998,122.599998,22882,1804.400024,1807.5,1779,1791.050049,1791.050049,1868022,30.25,31.1,30.25,30.85,30.85,4410
10/30/2017,312,322.350006,310.600006,312,312,28530254,16.049999,16.1,15.55,15.75,15.75,23229626,124.849998,125.599998,123.050003,123.550003,123.550003,18150,1798.25,1816,1792.400024,1815,1815,1355588,31.299999,31.299999,30.299999,30.5,30.5,8404
10/31/2017,313,313.850006,304.299988,305.799988,305.799988,16455750,16.549999,18.299999,16.549999,17.1,17.1,111014103,124.699997,127.050003,122.199997,122.699997,122.699997,55621,1811.5,1811.5,1799.25,1808.5,1808.5,1170615,30.25,30.75,29.950001,30.35,30.35,58980
11/1/2017,309.399994,321.450012,309.399994,319.850006,319.850006,34907283,17.299999,17.35,16.75,17,17,32763220,123.099998,125.5,122,122.300003,122.300003,30373,1815.099976,1825,1812,1821.199951,1821.199951,1047653,30.549999,30.950001,30.299999,30.5,30.5,13996
11/2/2017,320,323.149994,313.549988,314.350006,314.350006,23110527,16.9,17.450001,16.799999,17.299999,17.299999,33371248,123,123.849998,120.800003,122,122,21388,1823,1829.800049,1816.949951,1822.099976,1822.099976,1184486,30.799999,32.200001,30.549999,31.9,31.9,37251
11/3/2017,315.450012,327.5,312.600006,325,325,26898400,17.4,17.450001,16.75,16.9,16.9,28801875,124.449997,124.449997,121.25,122.099998,122.099998,19647,1825.699951,1840,1821.599976,1830.699951,1830.699951,952622,38.200001,38.25,36.5,38.25,38.25,146936
11/6/2017,323.600006,330,321.450012,329,329,17143407,15.8,16.200001,15.5,15.85,15.85,33793987,121.5,123.800003,121.099998,121.300003,121.300003,38815,1825,1840,1822.599976,1828.599976,1828.599976,1537061,43.5,44.849998,40.099998,42.200001,42.200001,599659
11/7/2017,328.950012,331.700012,315.5,317.200012,317.200012,21883541,16.200001,16.35,15.3,15.55,15.55,42904914,122.25,122.949997,118.599998,119.199997,119.199997,37001,1838,1844.949951,1820.75,1823.699951,1823.699951,1861594,42,43,39.299999,39.900002,39.900002,220943
11/8/2017,318,319.299988,306.649994,309.549988,309.549988,20242447,15.65,15.95,15.45,15.6,15.6,25213365,121,123.150002,118.300003,118.900002,118.900002,25533,1825.199951,1833.599976,1819,1825.949951,1825.949951,820786,41.400002,41.400002,38.599998,39.200001,39.200001,86809
11/9/2017,313.149994,318,308.200012,313.700012,313.700012,21846178,15.9,15.95,14.85,15,15,30889340,121.050003,122,118.400002,119.349998,119.349998,33048,1827,1835,1821.099976,1827.849976,1827.849976,778327,39.650002,40.200001,38.5,39,39,35119
11/10/2017,315,338.5,309.5,333.549988,333.549988,82984969,15,15,13.9,14.05,14.05,45628038,120,123,119.699997,120.699997,120.699997,17705,1821.699951,1834.800049,1812.349976,1822,1822,1936090,39.599998,40.700001,32,38.299999,38.299999,153851
11/13/2017,336.75,344.799988,329.75,331.049988,331.049988,38777555,13.4,13.4,12.05,12.15,12.15,64598753,122.949997,122.949997,119,120.400002,120.400002,13602,1822,1823.150024,1795,1813.550049,1813.550049,833968,39,39,36.75,36.950001,36.950001,1057226
11/14/2017,330.350006,334.700012,327.5,329.100006,329.100006,25647162,12.1,12.4,11.4,11.6,11.6,73216825,120.5,120.5,119,119.099998,119.099998,12339,1815.900024,1819,1800,1802.349976,1802.349976,1178117,36.950001,36.950001,35.299999,36.049999,36.049999,100560
11/15/2017,328,331.149994,322.25,324.950012,324.950012,17389606,11.4,11.5,9.6,10.1,10.1,112622356,119.650002,120.400002,118.150002,118.650002,118.650002,18747,1798,1803.650024,1788,1800.25,1800.25,1537092,36,36.150002,33.700001,34.5,34.5,31224
11/16/2017,327.399994,334.200012,323.649994,333.399994,333.399994,22506014,9.95,12.1,9.65,11.7,11.7,173455885,119.599998,121.5,117.900002,120.550003,120.550003,25746,1804,1816,1795.199951,1807.699951,1807.699951,1003243,34,35.25,34,34.450001,34.450001,46369
11/17/2017,345,346.700012,336,337.5,337.5,26518142,12.45,12.6,11.65,12.1,12.1,95324984,121.800003,122.5,118.849998,119.449997,119.449997,13259,1828.699951,1838.300049,1813.150024,1825.550049,1825.550049,1589693,34.5,36.049999,34.5,35.200001,35.200001,30762
11/20/2017,337.100006,337.149994,331.25,333,333,13507662,11.9,12.3,11.45,12.05,12.05,60410871,119.75,120.599998,119,119.5,119.5,16115,1829,1839.699951,1829,1838.150024,1838.150024,598106,35.099998,35.950001,35.099998,35.450001,35.450001,10547
11/21/2017,335,335.399994,330,330.649994,330.649994,14189920,12.05,13.75,12.05,13.5,13.5,160993510,120.5,124,120.400002,122.449997,122.449997,27960,1837.449951,1850,1836.099976,1846.25,1846.25,568883,35.700001,36.700001,34.799999,34.900002,34.900002,36837
11/22/2017,330.850006,339.649994,327,335.299988,335.299988,22861716,13.6,14.2,13.6,13.95,13.95,85245194,123.949997,123.949997,120,121.599998,121.599998,25458,1849.699951,1860,1844.550049,1855.25,1855.25,1415199,35.150002,35.5,34.650002,34.900002,34.900002,17111
11/23/2017,335.5,336.649994,331.649994,334.950012,334.950012,13338423,13.95,14.1,13.45,13.6,13.6,41097447,122.300003,124,120,120.599998,120.599998,23456,1859,1860,1838,1842.849976,1842.849976,808145,35,35.25,34.599998,34.849998,34.849998,6268
11/24/2017,336,337,331.5,332.399994,332.399994,11716981,13.7,13.95,13.35,13.55,13.55,33644380,121.25,122,119.349998,120.849998,120.849998,13466,1843,1857.800049,1841,1851.400024,1851.400024,1300921,35.150002,35.5,34.650002,34.75,34.75,18529
11/27/2017,329.899994,337,328.049988,335.649994,335.649994,13114683,13.5,13.5,13.1,13.35,13.35,29137460,120,123.5,120,121.699997,121.699997,15498,1849,1862,1845.599976,1857.550049,1857.550049,967618,34.75,40.349998,34.650002,39.349998,39.349998,120789
11/28/2017,336,336.700012,331.200012,332,332,16054996,13,13,12.1,12.85,12.85,75481262,123.900002,123.900002,122.199997,123.449997,123.449997,18717,1856,1871,1855.849976,1865.349976,1865.349976,1272635,39.25,39.25,37.799999,38.400002,38.400002,44734
11/29/2017,332.350006,334.850006,327.200012,328.899994,328.899994,11264624,13,13.35,12.3,12.45,12.45,61748013,124,128.600006,122.849998,125.5,125.5,84253,1865,1875.5,1855.800049,1873.300049,1873.300049,818646,38.5,44.849998,38.5,42.75,42.75,309728
11/30/2017,325.799988,326.5,318.5,320.350006,320.350006,27276288,12.25,12.8,12.15,12.6,12.6,60208761,127.75,131,124.949997,128.949997,128.949997,154259,1868.699951,1873.949951,1840,1853.699951,1853.699951,1449078,42.799999,43.900002,42.099998,42.900002,42.900002,203176
12/1/2017,321.5,322.299988,311.25,312.75,312.75,16425620,12.75,12.95,12.2,12.35,12.35,43300888,128.899994,129,120.75,121.25,121.25,88437,1854.900024,1860,1844.099976,1848.199951,1848.199951,964537,43.099998,43.549999,40.049999,40.599998,40.599998,59922
12/4/2017,314.700012,315.950012,311.149994,313.600006,313.600006,13887727,12.4,12.45,11.35,11.5,11.5,64791231,122.949997,122.949997,119.050003,119.699997,119.699997,31406,1854.900024,1854.900024,1830.099976,1834.099976,1834.099976,910483,40.700001,41.099998,38.299999,38.549999,38.549999,29744
12/5/2017,312.5,320.700012,308.799988,319.100006,319.100006,15130931,11.2,11.5,10.7,11.35,11.35,80781882,119,123.5,119,121.550003,121.550003,566163,1826,1828.550049,1807,1820.449951,1820.449951,973340,38.299999,45.599998,37.599998,44.700001,44.700001,342993
12/6/2017,316.700012,317.399994,311.5,312.399994,312.399994,18658202,11.35,11.35,10.6,10.75,10.75,63918770,122.949997,124,120,120.349998,120.349998,47246,1819.949951,1821.349976,1799,1803.300049,1803.300049,1598780,43,44.5,41.549999,42.049999,42.049999,196021
12/7/2017,312.5,317.75,312.450012,316.399994,316.399994,12278558,10.8,11.25,10.8,11.15,11.15,45027184,120.5,121.849998,120.050003,120.400002,120.400002,22148,1806.650024,1816.599976,1803.099976,1809.650024,1809.650024,1057826,43.700001,44.700001,42.099998,43.099998,43.099998,164157
12/8/2017,316.600006,318.850006,312.100006,313.100006,313.100006,16418832,11.2,12.05,11.15,11.65,11.65,92804330,121.5,121.800003,120,120.300003,120.300003,15189,1814,1853,1814,1840.400024,1840.400024,2239100,43.549999,44.299999,38.849998,39.799999,39.799999,176439
12/11/2017,315.950012,319.299988,315.100006,318.399994,318.399994,14014369,11.7,11.9,11.45,11.6,11.6,30778244,121.699997,122.800003,120.25,120.949997,120.949997,12497,1848,1851.75,1840,1846.400024,1846.400024,799558,40,42.099998,40,41.400002,41.400002,134438
12/12/2017,317.75,320.5,314.649994,318.450012,318.450012,17658856,11.7,11.85,11.5,11.65,11.65,19136137,120.800003,121.25,119.199997,120,120,22837,1849.099976,1849.900024,1815.949951,1819.900024,1819.900024,602647,41.349998,41.349998,39.849998,40,40,39281
12/13/2017,316.149994,318.950012,311.149994,313.299988,313.299988,17540585,11.6,11.65,11.1,11.3,11.3,29526900,119.25,120.449997,119.25,119.849998,119.849998,8300,1820.050049,1845,1815.099976,1821.349976,1821.349976,726865,41.049999,43,41.049999,41.5,41.5,226502
12/14/2017,314.299988,315.399994,309.5,314,314,13894451,11.4,12.1,11,11.9,11.9,62521413,120.199997,122.400002,118.400002,121.150002,121.150002,37598,1824,1840,1812,1838.050049,1838.050049,920773,41.25,41.799999,40,40.450001,40.450001,44580
12/15/2017,318.399994,319.350006,311.5,312.25,312.25,16050711,12,12.1,11.65,11.85,11.85,36807566,121.550003,122.449997,120.599998,122,122,14565,1856,1888,1855.5,1873.449951,1873.449951,3112531,40.849998,41.75,40.25,40.549999,40.549999,50143
12/18/2017,308,323.5,300.399994,318.899994,318.899994,32119915,11.95,12.1,11,11.8,11.8,29887258,121.25,128.149994,119.75,127.5,127.5,88614,1855,1899,1809.300049,1878.949951,1878.949951,3074497,40.549999,40.650002,37.25,40.099998,40.099998,54493
12/19/2017,319.450012,322.25,318.399994,319.799988,319.799988,14741481,12,13.05,11.85,12.75,12.75,54839666,129.949997,132.75,128.699997,129.350006,129.350006,80815,1879.800049,1893.650024,1876.150024,1884.5,1884.5,1238028,40.099998,42.450001,40.099998,41.900002,41.900002,91509
12/20/2017,319,319,316.5,317.5,317.5,9895770,13,18.450001,12.9,17.299999,17.299999,263393051,129.850006,146,128.550003,141.550003,141.550003,301325,1898.900024,1903.099976,1863.650024,1868.150024,1868.150024,2335876,41.5,42,41.049999,41.349998,41.349998,38936
12/21/2017,316.600006,318.200012,315.399994,316.75,316.75,9916409,18.5,19.6,17.049999,17.950001,17.950001,353649231,143.199997,147.5,139.5,140,140,119027,1879.900024,1885,1865.199951,1868.300049,1868.300049,1713636,42.400002,42.5,41,41.299999,41.299999,42480
12/22/2017,317.100006,323.850006,316.5,319.850006,319.850006,13821639,18.450001,18.799999,15.4,16.299999,16.299999,204056290,141.75,142,137,138.149994,138.149994,55050,1879,1880,1861.75,1876.650024,1876.650024,1117726,41,41.849998,41,41.25,41.25,51773
12/26/2017,319.850006,319.950012,316.299988,317.149994,317.149994,9329690,16.299999,23.200001,16.299999,21.5,21.5,490348330,138.149994,144,138.149994,141.899994,141.899994,24630,1876.650024,1882.800049,1856.699951,1868.349976,1868.349976,1696424,41.25,41.400002,40.650002,40.900002,40.900002,27608
12/27/2017,316.5,320.299988,313.049988,314.850006,314.850006,14276027,23.65,29.950001,23.65,28.700001,28.700001,781836478,140.800003,141.850006,136.25,137.449997,137.449997,34830,1870.099976,1870.300049,1851.150024,1856.75,1856.75,872346,41,41.400002,40.049999,40.5,40.5,47417
12/28/2017,315.299988,316.5,307.649994,308.399994,308.399994,20353152,30.6,34.400002,29.25,30.9,30.9,774653485,137.350006,139.5,135.449997,136.100006,136.100006,19450,1858.900024,1880.900024,1858,1878.050049,1878.050049,2175130,40.75,41,39.75,39.799999,39.799999,37554
12/29/2017,310,312,309.049988,309.899994,309.899994,11939569,33.950001,40.150002,33.950001,36.150002,36.150002,685286689,136.899994,140.449997,136.25,137.350006,137.350006,33430,1876.800049,1879.199951,1868.150024,1872.400024,1872.400024,1586468,40.200001,41.25,39.75,39.950001,39.950001,31008
1/1/2018,310.600006,312.75,306.299988,307.100006,307.100006,12182400,37.25,37.450001,33.599998,35.349998,35.349998,352686945,138.800003,141.800003,137.350006,138.199997,138.199997,65444,1872.699951,1880.75,1850.5,1854.5,1854.5,1645129,40.5,41.900002,39.200001,39.849998,39.849998,50216
1/2/2018,309,309,301.350006,303.25,303.25,14797364,35.25,35.450001,31.15,32.400002,32.400002,285012342,141.899994,146.350006,140.149994,143.850006,143.850006,144552,1858.550049,1875,1858.550049,1872.349976,1872.349976,1194079,40.200001,40.200001,39.150002,39.25,39.25,14952
1/3/2018,305.299988,306.450012,302.149994,302.850006,302.850006,13857373,32,32.150002,30.1,30.549999,30.549999,233379852,144.800003,149,144,147.199997,147.199997,77579,1875,1878.25,1851.199951,1852.650024,1852.650024,1132822,39.25,40.599998,39.150002,39.700001,39.700001,48055
1/4/2018,304.5,310.200012,303.149994,308.5,308.5,24517099,30.5,34.900002,28.15,33.299999,33.299999,413019383,148.850006,170.100006,148.5,161.350006,161.350006,387032,1853,1865.5,1853,1859.900024,1859.900024,593444,39.900002,40.950001,39.200001,39.650002,39.650002,84826
1/5/2018,311.399994,311.399994,305.600006,306.350006,306.350006,14580575,34.599998,36.150002,33.349998,34,34,423033249,162,165.850006,157,157.949997,157.949997,107166,1863,1868.050049,1855.550049,1863.599976,1863.599976,717717,40.25,40.5,39.299999,39.900002,39.900002,36504
1/8/2018,307.200012,309.5,305,305.799988,305.799988,13557197,34.349998,34.799999,33.049999,33.900002,33.900002,145445206,159.600006,161.550003,155,156.649994,156.649994,60563,1865,1870.699951,1857.75,1860.599976,1860.599976,1142577,39.650002,40.450001,39.650002,39.75,39.75,15265
1/9/2018,307.5,309.5,303.299988,304.299988,304.299988,15574755,33.900002,33.900002,32.349998,32.700001,32.700001,103648196,156.649994,162.449997,151.899994,153.399994,153.399994,86461,1862,1869.849976,1855,1863.699951,1863.699951,1326382,39.799999,39.950001,39.049999,39.299999,39.299999,24398
1/10/2018,304.649994,305.850006,300,301.100006,301.100006,13064599,33.299999,34.099998,32.700001,33.200001,33.200001,108120944,154.5,157,153.350006,154.199997,154.199997,29001,1865.199951,1867.900024,1857.300049,1864.199951,1864.199951,1153972,39.150002,39.5,38.950001,39.049999,39.049999,23942
1/11/2018,300.899994,303,300,302.200012,302.200012,12298455,32.900002,33.599998,32.25,32.799999,32.799999,79351447,154.199997,158.449997,154,154.550003,154.550003,48663,1864.199951,1876,1856.25,1872.550049,1872.550049,1014774,38.900002,41.450001,38.799999,40.400002,40.400002,123386
1/12/2018,304.649994,304.649994,300.549988,302.25,302.25,17594228,32.700001,32.900002,30.6,31.299999,31.299999,90176118,157.5,158.649994,153,156.850006,156.850006,61232,1873,1878.150024,1860,1865.300049,1865.300049,1084177,40.700001,42.700001,39.950001,40.450001,40.450001,6258964
1/15/2018,303.950012,305.25,301.549988,302.600006,302.600006,18189668,31.4,32.099998,30.700001,31.549999,31.549999,68852507,158.449997,159.5,156,158.25,158.25,66172,1869.949951,1904.400024,1859.849976,1897.75,1897.75,3144111,42.099998,48.5,42.099998,46.450001,46.450001,8860777
1/16/2018,302.399994,303.350006,295.299988,296.149994,296.149994,18040940,31.65,33.099998,30.9,31.200001,31.200001,144438289,159.149994,159.350006,148,150.600006,150.600006,79379,1903.449951,1910,1885.25,1900.150024,1900.150024,1611346,47.900002,47.900002,45.099998,45.349998,45.349998,640268
1/17/2018,296,308.399994,292.600006,307.100006,307.100006,26277307,31.5,32.950001,30.299999,32.349998,32.349998,111211776,149.050003,154.949997,146.600006,150.050003,150.050003,43400,1897,1902.550049,1887,1890.5,1890.5,726374,46,46.5,42.200001,44,44,455416
1/18/2018,315,317.799988,300.5,303.25,303.25,40000111,32.950001,33.200001,27.6,29.35,29.35,126454099,150.050003,156,148.050003,150.149994,150.149994,57118,1924,1954,1918.050049,1934.300049,1934.300049,4162385,44.200001,44.799999,41.650002,41.900002,41.900002,324553
1/19/2018,303.950012,310,302.5,309.25,309.25,18461642,28.799999,29.950001,27.75,29.450001,29.450001,120503938,150.449997,151,147.25,149.399994,149.399994,29379,1935.150024,1959.900024,1919.25,1952.199951,1952.199951,2863997,41.150002,43.5,41.099998,42.099998,42.099998,138951
1/22/2018,308.350006,308.75,304.049988,306.5,306.5,12622645,29,29.35,28.299999,28.65,28.65,55758132,148.5,149,140.449997,147.699997,147.699997,34226,1960,1988,1953.150024,1963.349976,1963.349976,2212442,43,43.200001,41.5,42,42,158636
1/23/2018,306.399994,320.549988,306.350006,318.100006,318.100006,35252217,28.4,31.299999,28.35,29.25,29.25,146096411,147.699997,152,141,147.899994,147.899994,55668,1965,1966.699951,1943.300049,1951.300049,1951.300049,1261949,42.950001,48.349998,41.799999,45.150002,45.150002,4629978
1/24/2018,317.700012,331.600006,316.200012,329.899994,329.899994,38070520,28.700001,29.549999,28.6,28.75,28.75,57890888,148.300003,153.800003,146.100006,151.949997,151.949997,67177,1952.550049,1969,1950.599976,1957.650024,1957.650024,1197642,45.700001,46.700001,44.25,44.75,44.75,566371
1/25/2018,332.75,332.75,311.850006,313.149994,313.149994,42466150,28.9,29.200001,28,28.35,28.35,62098714,151.649994,151.75,147,147.75,147.75,18823,1953.900024,1980,1950.5,1974.949951,1974.949951,2180917,45.349998,45.349998,43.5,43.650002,43.650002,146313
1/29/2018,313.149994,316.899994,311,312.100006,312.100006,23600898,28.35,28.85,26.5,27.200001,27.200001,108933206,147.75,148.699997,145,145.850006,145.850006,18651,1974.949951,2006.949951,1974.949951,1999.650024,1999.650024,2058973,43.650002,43.849998,41.400002,41.75,41.75,169608
1/30/2018,312.049988,318.850006,311,313.549988,313.549988,25810404,28,32.400002,27.4,30.049999,30.049999,304197740,145.050003,148.649994,144.300003,145.399994,145.399994,45072,1997.800049,2001.900024,1984.150024,1995.5,1995.5,1599390,41.25,41.450001,39.200001,39.950001,39.950001,291904
1/31/2018,313,316.600006,307.850006,313.25,313.25,16409938,30.049999,31.049999,28.9,29.450001,29.450001,117149717,146.350006,146.600006,142.399994,145.699997,145.699997,25346,1989.400024,2013.5,1987,2005.699951,2005.699951,1735837,40,41.5,39.700001,39.950001,39.950001,304433
2/1/2018,316.899994,317.399994,305,306.049988,306.049988,19515991,29.450001,29.9,28.4,28.6,28.6,61128408,144,147.399994,140,140.449997,140.449997,45136,2006,2015,1985.300049,1991.150024,1991.150024,1630355,40,40.400002,37.849998,38.299999,38.299999,297901
2/2/2018,302.899994,305.75,295.5,297.350006,297.350006,23274673,28,28.25,24.5,26.1,26.1,98805318,140.300003,142.899994,125,131.300003,131.300003,93576,1986,1989.900024,1941.5,1948,1948,1836531,38,38.799999,33,36.75,36.75,357624
2/5/2018,292.649994,300.399994,290,298.049988,298.049988,18940578,24.75,26.75,22.950001,26.25,26.25,93472759,129,132,124.449997,128.949997,128.949997,89679,1918,1935.25,1905.849976,1913.849976,1913.849976,1981696,34.25,37.700001,34,36,36,167708
2/6/2018,285,297.299988,282.899994,291.75,291.75,30577205,24.4,25.4,23.700001,24.549999,24.549999,69365262,125,127.599998,116.650002,126.949997,126.949997,26883,1860,1912,1836.300049,1896.800049,1896.800049,2687445,34.75,37.400002,33,36.849998,36.849998,216105
2/7/2018,296.600006,297.899994,290,292.799988,292.799988,21463818,25,26.049999,24.75,25.15,25.15,70231788,131,134.199997,130.75,132.449997,132.449997,24296,1907,1907,1862.400024,1872.800049,1872.800049,2091243,39.599998,39.599998,36.349998,37.650002,37.650002,156007
2/8/2018,292.899994,303.299988,292.549988,301.399994,301.399994,18932796,25.5,27.25,25.200001,26.549999,26.549999,110606868,132.5,140,132.449997,138.5,138.5,49626,1884,1898.599976,1866.5,1880.949951,1880.949951,1292861,37.75,39.799999,37.299999,38.849998,38.849998,291481
2/9/2018,297,300.600006,295,296.399994,296.399994,15750824,25.4,28,25.25,27,27,104526292,136.5,139.600006,133,136.850006,136.850006,56575,1847.900024,1864.699951,1844.099976,1849.5,1849.5,1602238,37.700001,38.25,36.25,37.099998,37.099998,234723
2/12/2018,288.25,292.399994,285.149994,288.75,288.75,50839665,27.1,27.950001,26.799999,27.1,27.1,72132568,138.800003,142,137.800003,138.600006,138.600006,20315,1860,1886,1855.150024,1876.650024,1876.650024,1095277,37.5,39.799999,37.5,39.25,39.25,377041
2/14/2018,288.75,288.75,275,276.200012,276.200012,45641149,27.1,30.200001,27.1,29.6,29.6,175737302,138.600006,149.850006,138.300003,139.75,139.75,53395,1876.650024,1897.900024,1874.650024,1883.150024,1883.150024,894297,39.25,41.049999,39.25,39.75,39.75,328535
2/15/2018,274.799988,282.299988,274.25,278.700012,278.700012,26058237,29.450001,30.549999,27.549999,27.950001,27.950001,110290749,138.149994,138.149994,131,131.699997,131.699997,11602,1889.699951,1894.75,1875,1881.900024,1881.900024,1228806,40.099998,40.200001,38,38.450001,38.450001,149965
2/16/2018,280.5,281.200012,270.049988,271.649994,271.649994,30338112,28.4,29,27.6,28.35,28.35,84858890,131.899994,134.5,125,128.649994,128.649994,33524,1883.900024,1894.849976,1875.650024,1878.599976,1878.599976,895880,38.75,39.299999,37,37.849998,37.849998,101683
2/19/2018,271.5,272,256.649994,268.5,268.5,43847791,28.950001,29,27.75,28.450001,28.450001,65756683,130,130,125.949997,127.949997,127.949997,16512,1882.599976,1887.599976,1859.050049,1878.199951,1878.199951,913638,37.650002,39.5,37.200001,38.150002,38.150002,292640
2/20/2018,269,274.200012,264.799988,269.649994,269.649994,33458021,28.6,28.9,27.549999,27.85,27.85,54181125,126.5,130,125.099998,127.349998,127.349998,11532,1884.75,1885.849976,1858.800049,1863.199951,1863.199951,1021017,38.400002,38.950001,37.75,38.349998,38.349998,176626
2/21/2018,272.200012,274.100006,267.399994,273.299988,273.299988,23714454,28.049999,28.4,27.549999,28,28,53366023,128.600006,129,126.099998,127.300003,127.300003,7252,1867.949951,1868.550049,1852.199951,1857.400024,1857.400024,688268,38,38.25,36.799999,36.950001,36.950001,100357
2/22/2018,270.399994,273.600006,269.450012,272.600006,272.600006,25584062,27.950001,28.35,27.15,27.35,27.35,48059301,127.699997,128.800003,126.400002,128.100006,128.100006,9679,1850,1860,1841.550049,1853.199951,1853.199951,3313399,38.400002,38.75,36.799999,38.049999,38.049999,135181
2/23/2018,273.450012,277.200012,272.5,276.049988,276.049988,15482147,27.5,27.950001,27.4,27.6,27.6,33561141,132,132,127.050003,130.899994,130.899994,18640,1856.900024,1884.849976,1850.400024,1880.550049,1880.550049,1019187,37.849998,38.450001,37.599998,38.200001,38.200001,113912
2/26/2018,280,280,273.850006,274.450012,274.450012,15306032,27.85,30.950001,27.6,29.75,29.75,146393665,131.649994,133.699997,130,131.899994,131.899994,8019,1888.099976,1914.800049,1883.550049,1911.550049,1911.550049,1197221,38,39,37.799999,38.099998,38.099998,33445
2/27/2018,273,275.899994,265.950012,267.600006,267.600006,20824909,29.9,30.1,27.799999,28,28,77599689,131.050003,132.699997,129.449997,130.350006,130.350006,11377,1914.75,1921.75,1900,1902.550049,1902.550049,1196832,38,38.5,37.400002,37.5,37.5,30285
2/28/2018,264.25,269.700012,260.799988,268,268,26810799,27.85,28.9,26.5,28.35,28.35,82662554,129.25,132.5,126.5,127.400002,127.400002,17493,1889.550049,1895.449951,1878,1884.199951,1884.199951,1016591,37,38.049999,35.200001,37.299999,37.299999,40889
3/1/2018,266.299988,270,261.25,262.149994,262.149994,22859175,28.049999,29.4,27.700001,27.9,27.9,81087484,129,129.100006,126.300003,127.75,127.75,9792,1879.300049,1893.300049,1868,1874.349976,1874.349976,977460,37.200001,37.549999,36.549999,36.799999,36.799999,35984
3/5/2018,262.149994,265,258.75,263.5,263.5,18484565,27.9,28.549999,27.1,27.75,27.75,67491872,127.75,128.199997,121.650002,122.800003,122.800003,18057,1874.349976,1878,1858.25,1869.949951,1869.949951,945366,36.799999,36.799999,35.549999,35.900002,35.900002,60143
3/6/2018,265.850006,266,255,256.549988,256.549988,20778164,27.549999,28.700001,25,26.35,26.35,97104804,124.650002,124.650002,120.050003,120.949997,120.949997,6729,1870,1879.900024,1839.5,1846.25,1846.25,1144207,36.150002,36.450001,34,34.200001,34.200001,95064
3/7/2018,255.050003,255.350006,246.050003,246.649994,246.649994,31262500,26.35,26.75,24.4,25.200001,25.200001,103582731,119.150002,120,115,116.199997,116.199997,35289,1840,1853.400024,1828.5,1832.599976,1832.599976,1407041,33.5,34.200001,32.150002,32.650002,32.650002,103910
3/8/2018,247,257.950012,244.300003,256.799988,256.799988,33133336,26,26.700001,24.35,25.1,25.1,111977377,117.050003,118.75,115.25,116.849998,116.849998,12546,1839.800049,1858.5,1832,1852.849976,1852.849976,1379681,32.450001,34.599998,31.65,33.950001,33.950001,1061067
3/9/2018,257,257.399994,251.649994,253.25,253.25,21536191,25,25,21.65,22.700001,22.700001,106099484,117.199997,118,116.199997,117.25,117.25,6286,1854.949951,1865.25,1844,1851.050049,1851.050049,1027027,34,35.049999,33.450001,34.549999,34.549999,36634
3/12/2018,254.100006,255.25,247.25,252.850006,252.850006,25332474,23,23.450001,21.799999,23,23,76366808,116.900002,117.150002,115,115.900002,115.900002,9596,1860.199951,1869.449951,1853.400024,1867.25,1867.25,1639279,34.75,35.5,32.950001,33.599998,33.599998,590937
3/13/2018,251.300003,262.399994,249.600006,254.699997,254.699997,37647221,22.049999,23.65,22.049999,23.35,23.35,80956215,118,125,116.699997,117.150002,117.150002,19104,1867.449951,1884.75,1855,1860.25,1860.25,1281050,33,34.75,33,33.400002,33.400002,113741
3/14/2018,252.5,257.850006,250,257.049988,257.049988,25471485,23.1,24.450001,22.65,23.799999,23.799999,87140379,118.599998,118.599998,116.099998,117.5,117.5,13256,1856,1867.900024,1848,1864.5,1864.5,920098,33.049999,34.900002,33.049999,34.650002,34.650002,43043
3/15/2018,257,258.799988,252.550003,253.699997,253.699997,18339890,23.700001,24.25,23.4,23.6,23.6,45481906,116.400002,117.849998,116.400002,117.199997,117.199997,5169,1865.199951,1887.5,1865.199951,1880.800049,1880.800049,1467731,35.299999,36.25,34.650002,35,35,108848
3/16/2018,250.649994,255.699997,250.100006,252.300003,252.300003,25728297,23.700001,24.4,22.799999,23.450001,23.450001,67745076,117.900002,117.900002,114.199997,115.300003,115.300003,15596,1880,1881.099976,1846.550049,1853,1853,1974084,35.299999,35.650002,34,34.150002,34.150002,19707
3/19/2018,252.899994,253.600006,246.100006,247.949997,247.949997,18167594,23.799999,24.049999,22.700001,23,23,43793755,115.699997,115.699997,110.900002,112.050003,112.050003,26825,1853,1860,1843.150024,1847.25,1847.25,1959685,34.200001,34.75,33.299999,34.349998,34.349998,37117
3/20/2018,246.850006,252.25,245.350006,249.100006,249.100006,20556571,22.700001,23.5,22.5,23.1,23.1,35334974,111,117.25,111,115.699997,115.699997,8752,1845.099976,1855.900024,1835.25,1839.5,1839.5,914343,34.049999,34.900002,33.849998,34,34,18187
3/21/2018,251.75,254.300003,247.100006,248,248,19533972,23.049999,26.549999,23.049999,25.299999,25.299999,135184902,116.849998,117.300003,114.150002,114.5,114.5,9200,1848,1863.199951,1843.300049,1858.900024,1858.900024,1480285,34,35.400002,33.400002,33.5,33.5,4516339
3/22/2018,247,247.350006,240.649994,241.550003,241.550003,26828240,25.549999,26.299999,23.5,23.799999,23.799999,132481098,115.75,116.849998,112.5,113.25,113.25,12990,1858.900024,1880,1855.099976,1867.75,1867.75,1668306,35.099998,35.400002,34.400002,34.799999,34.799999,68896
3/23/2018,237.800003,239.649994,232.350006,234.800003,234.800003,27150262,22.5,23.5,22,22.700001,22.700001,87934691,110.75,116,109.300003,114.550003,114.550003,12396,1846.650024,1853.099976,1837.25,1841.550049,1841.550049,1797538,34,34.700001,33,33.75,33.75,59930
3/26/2018,234.75,247.850006,234.25,246.5,246.5,30373940,23,23.85,22.6,23.4,23.4,70351988,113.849998,129.949997,112.5,128.350006,128.350006,49491,1839.900024,1900,1833.5,1893.449951,1893.449951,2624986,33.549999,38.299999,33.400002,37.700001,37.700001,1025060
